Abbey Road,DLR
Acton Town,District
Aldgate,Metropolitan
Aldgate East,Hammersmith & City
Alperton,Piccadilly
Amersham,Metropolitan
Angel,Northern
Archway,Northern
Arnos Grove,Piccadilly
Arsenal,Piccadilly
Baker Street,Metropolitan
Balham,Northern
Bank,Waterloo & City
Barbican,Metropolitan
Barking,District
Barkingside,Central
Barons Court,District
Bayswater,District
Beckton,DLR
Beckton Park,DLR
Becontree,District
Belsize Park,Northern
Bermondsey,Jubilee
Bethnal Green,Central
Blackfriars,District
Blackhorse Road,Victoria
Blackwall,DLR
Bond Street,Central
Borough,Northern
Boston Manor,Piccadilly
Bounds Green,Piccadilly
Bow Church,DLR
Bow Road,District
Brent Cross,Northern
Brixton,Victoria
Bromley-by-Bow,District
Buckhurst Hill,Central
Burnt Oak,Northern
Caledonian Road,Piccadilly
Camden Town,Northern
Canada Water,Jubilee
Canary Wharf,Jubilee
Canning Town,DLR
Cannon Street,District
Canons Park,Jubilee
Chalfont & Latimer,Metropolitan
Chalk Farm,Northern
Chancery Lane,Central
Charing Cross,Bakerloo
Chesham,Metropolitan
Chigwell,Central
Chiswick Park,District
Chorleywood,Metropolitan
Clapham Common,Northern
Clapham North,Northern
Clapham South,Northern
Cockfosters,Piccadilly
Colindale,Northern
Colliers Wood,Northern
Covent Garden,Piccadilly
Crossharbour,DLR
Croxley,Metropolitan
Custom House,DLR
Cutty Sark,DLR
Cyprus,DLR
Dagenham East,District
Dagenham Heathway,District
Debden,Central
Deptford Bridge,DLR
Devons Road,DLR
Dollis Hill,Jubilee
Ealing Broadway,District
Ealing Common,District
Earls Court,District
East Acton,Central
East Finchley,Northern
East Ham,District
East India,DLR
East Putney,District
Eastcote,Metropolitan
Edgware,Northern
Edgware Road,Bakerloo
Edgware Road,Hammersmith & City
Elephant & Castle,Northern
Elm Park,District
Elverson Road,DLR
Embankment,District
Epping,Central
Euston,Northern
Euston Square,Metropolitan
Fairlop,Central
Farringdon,Metropolitan
Finchley Central,Northern
Finchley Road,Metropolitan
Finsbury Park,Piccadilly
Fulham Broadway,District
Gallions Reach,DLR
Gants Hill,Central
Gloucester Road,District
Golders Green,Northern
Goldhawk Road,Hammersmith & City
Goodge Street,Northern
Grange Hill,Central
Great Portland Street,Metropolitan
Green Park,Piccadilly
Greenford,Central
Greenwich,DLR
Gunnersbury,District
Hainault,Central
Hammersmith,District
Hammersmith,Hammersmith & City
Hampstead,Northern
Hanger Lane,Central
Harlesden,Bakerloo
Harrow & Wealdstone,Bakerloo
Harrow-on-the-Hill,Metropolitan
Hatton Cross,Piccadilly
Hendon Central,Northern
Heron Quays,DLR
High Barnet,Northern
High Street Kensington,District
Highbury & Islington,Victoria
Highgate,Northern
Hillingdon,Metropolitan
Holborn,Central
Holland Park,Central
Holloway Road,Piccadilly
Hornchurch,District
Hounslow Central,Piccadilly
Hounslow East,Piccadilly
Hounslow West,Piccadilly
Hyde Park Corner,Piccadilly
Ickenham,Metropolitan
Island Gardens,DLR
Kennington,Northern
Kensal Green,Bakerloo
Kensington,District
Kentish Town,Northern
Kenton,Bakerloo
Kew Gardens,District
Kilburn,Jubilee
Kilburn Park,Bakerloo
Kings Cross Saint Pancras,Metropolitan
Kingsbury,Jubilee
Knightsbridge,Piccadilly
Ladbroke Grove,Hammersmith & City
Lambeth North,Bakerloo
Langdon Park,DLR
Latimer Road,Hammersmith & City
Leicester Square,Piccadilly
Lewisham,DLR
Leyton,Central
Leytonstone,Central
Limehouse,DLR
Liverpool Street,Metropolitan
London Bridge,Northern
London City Airport,DLR
Loughton,Central
Maida Vale,Bakerloo
Manor House,Piccadilly
Mansion House,District
Marble Arch,Central
Marylebone,Bakerloo
Mile End,District
Mill Hill East,Northern
Monument,District
Moor Park,Metropolitan
Moorgate,Metropolitan
Morden,Northern
Mornington Crescent,Winner
Mudchute,DLR
Neasden,Jubilee
Newbury Park,Central
North Acton,Central
North Ealing,Piccadilly
North Greenwich,Jubilee
North Harrow,Metropolitan
North Wembley,Bakerloo
Northfields,Piccadilly
Northolt,Central
Northwick Park,Metropolitan
Northwood,Metropolitan
Northwood Hills,Metropolitan
Notting Hill Gate,District
Oakwood,Piccadilly
Old Street,Northern
Osterley,Piccadilly
Oval,Northern
Oxford Circus,Central
Paddington,Hammersmith & City
Park Royal,Piccadilly
Parsons Green,District
Perivale,Central
Piccadilly Circus,Bakerloo
Pimlico,Victoria
Pinner,Metropolitan
Plaistow,District
Pontoon Dock,DLR
Poplar,DLR
Preston Road,Metropolitan
Prince Regent,DLR
Pudding Mill Lane,DLR
Putney Bridge,District
Queens Park,Bakerloo
Queensbury,Jubilee
Queensway,Central
Ravenscourt Park,District
Rayners Lane,Metropolitan
Redbridge,Central
Regents Park,Bakerloo
Richmond,District
Rickmansworth,Metropolitan
Roding Valley,Central
Royal Albert,DLR
Royal Oak,Hammersmith & City
Royal Victoria,DLR
Ruislip,Metropolitan
Ruislip Gardens,Central
Ruislip Manor,Metropolitan
Russell Square,Piccadilly
Seven Sisters,Victoria
Shadwell,DLR
Shepherds Bush,Central
Shepherds Bush Market,Hammersmith & City
Sloane Square,District
Snaresbrook,Central
South Ealing,Piccadilly
South Harrow,Piccadilly
South Kensington,District
South Kenton,Bakerloo
South Quay,DLR
South Ruislip,Central
South Wimbledon,Northern
South Woodford,Central
Southfields,District
Southgate,Piccadilly
Southwark,Jubilee
Saint James Park,District
Saint Johns Wood,Jubilee
Saint Pauls,Central
Stamford Brook,District
Stanmore,Jubilee
Stepney Green,District
Stockwell,Northern
Stonebridge Park,Bakerloo
Stratford,Central
Sudbury Hill,Piccadilly
Sudbury Town,Piccadilly
Swiss Cottage,Jubilee
Temple,District
Theydon Bois,Central
Tooting Bec,Northern
Tooting Broadway,Northern
Tottenham Court Road,Central
Tottenham Hale,Victoria
Totteridge & Whetstone,Northern
Tower Gateway,DLR
Tower Hill,District
Tufnell Park,Northern
Turnham Green,District
Turnpike Lane,Piccadilly
Upminster,District
Upminster Bridge,District
Upney,District
Upton Park,District
Uxbridge,Metropolitan
Vauxhall,Victoria
Victoria,District
Walthamstow Central,Victoria
Wanstead,Central
Warren Street,Northern
Warwick Avenue,Bakerloo
Waterloo,Waterloo & City
Watford,Metropolitan
Wembley Central,Bakerloo
Wembley Park,Metropolitan
West Acton,Central
West Brompton,District
West Finchley,Northern
West Ham,District
West Hampstead,Jubilee
West Harrow,Metropolitan
West India Quay,DLR
West Kensington,District
West Ruislip,Central
West Silvertown,DLR
Westbourne Park,Hammersmith & City
Westferry,DLR
Westminster,District
White City,Central
Whitechapel,District
Willesden Green,Jubilee
Willesden Junction,Bakerloo
Wimbledon,District
Wimbledon Park,District
Wood Green,Piccadilly
Wood Lane,Hammersmith & City
Woodford,Central
Woodside Park,Northern
Woolwich Arsenal,DLR
